Customer_ID,Age,Gender,Income_Level,Account_Type,Account_Balance,Number_of_Transactions,Number_of_Products,Credit_Score,Region,Tenure,Churned
CUST_1,56,Male,Low,Fixed,51777.34,75,4,483,East,9,0
CUST_2,69,Male,Medium,Current,10273.57,72,4,521,South,10,0
CUST_3,46,Male,Low,Savings,75707.5,40,1,627,West,24,0
CUST_4,32,Female,Medium,Savings,49701.18,43,1,478,South,18,0
CUST_5,60,Male,Low,Current,30942.3,22,3,411,South,17,0
CUST_6,25,Male,High,Current,49650.4,20,2,358,North,18,0
CUST_7,38,Male,Medium,Current,52721.97,8,1,626,North,7,0
CUST_8,56,Female,High,Current,56708.46,29,3,490,West,4,0
CUST_9,36,Female,Medium,Fixed,44681.15,40,2,499,East,26,0
CUST_10,40,Male,High,Savings,60969.78,90,4,611,North,5,0
CUST_11,28,Male,Low,Fixed,91954.74,30,3,334,East,28,1
CUST_12,28,Male,Low,Savings,36864.54,81,4,678,West,23,0
CUST_13,41,Male,Low,Savings,72845.93,84,1,686,North,16,0
CUST_14,53,Female,Medium,Current,89550.8,55,1,536,East,3,0
CUST_15,57,Female,High,Fixed,46141.95,16,2,818,North,26,0
CUST_16,41,Female,Low,Current,44902.13,46,3,582,West,18,1
CUST_17,20,Female,High,Fixed,60609.58,62,4,300,West,29,0
CUST_18,39,Male,High,Savings,59549.27,7,2,763,North,23,0
CUST_19,19,Male,Low,Current,80852.34,80,1,529,East,21,0
CUST_20,41,Male,Low,Current,48171.85,45,1,471,South,14,0
CUST_21,61,Female,High,Savings,99616.17,59,3,386,South,15,1
CUST_22,47,Male,Low,Savings,6887.69,56,4,422,North,17,0
CUST_23,55,Female,Low,Savings,1313.62,48,3,597,East,1,0
CUST_24,19,Female,Low,Current,64379.63,27,4,783,South,25,0
CUST_25,38,Male,Medium,Fixed,30545.06,53,4,464,West,21,0
CUST_26,50,Male,High,Current,24797.86,87,3,682,East,17,1
CUST_27,29,Male,High,Fixed,31878.01,88,2,508,South,23,0
CUST_28,39,Female,Medium,Current,26348.71,73,3,731,East,25,1
CUST_29,61,Male,High,Current,4048.21,35,3,688,North,11,0
CUST_30,42,Female,Low,Savings,97181.77,51,1,523,East,17,0
CUST_31,66,Male,High,Fixed,22853.8,84,1,302,South,26,0
CUST_32,44,Female,Low,Current,73668.95,37,3,671,North,14,0
CUST_33,59,Female,Medium,Current,76497.04,81,3,745,East,29,0
CUST_34,45,Male,Low,Savings,92996.48,95,1,415,West,20,0
CUST_35,33,Female,High,Savings,4024.4,57,4,569,South,19,0
CUST_36,32,Female,High,Fixed,87332.79,8,3,746,North,21,0
CUST_37,64,Male,High,Current,53195.39,79,2,667,East,7,0
CUST_38,68,Female,Medium,Fixed,63621.87,95,2,552,West,24,0
CUST_39,61,Male,Medium,Current,64802.56,94,2,616,South,13,0
CUST_40,69,Female,High,Fixed,82159.98,20,3,714,West,18,0
CUST_41,20,Male,Low,Savings,34007.32,53,4,394,East,23,0
CUST_42,54,Male,Medium,Current,73572.07,12,4,323,East,14,1
CUST_43,68,Female,High,Fixed,53329.23,49,1,349,North,1,0
CUST_44,24,Female,High,Savings,79546.01,17,3,801,West,7,1
CUST_45,38,Female,Medium,Savings,99064.06,64,4,797,North,8,0
CUST_46,26,Female,Medium,Fixed,20864.45,42,3,634,South,18,0
CUST_47,56,Female,Medium,Current,99470.22,94,1,378,North,9,0
CUST_48,35,Male,Low,Current,9891.4,29,1,326,South,1,0
CUST_49,21,Female,Low,Savings,1229.44,19,1,570,East,29,0
CUST_50,42,Male,High,Current,5372.03,11,2,546,East,22,0
CUST_51,31,Male,Medium,Current,34836.46,98,3,686,West,17,0
CUST_52,67,Female,Low,Current,63657.73,50,1,660,South,19,0
CUST_53,26,Male,Medium,Savings,7833.92,71,3,787,East,27,0
CUST_54,43,Male,High,Fixed,1560.92,58,2,651,West,6,1
CUST_55,19,Male,Low,Current,93772.01,34,2,555,West,3,0
CUST_56,37,Male,Low,Savings,82370.74,20,1,521,North,24,0
CUST_57,45,Female,Low,Savings,81109.13,50,1,300,West,5,0
CUST_58,64,Male,High,Fixed,88558.0,88,4,845,East,2,0
CUST_59,24,Female,Medium,Current,70303.39,10,3,745,North,20,0
CUST_60,61,Female,Low,Current,11336.01,32,1,378,South,25,0
CUST_61,25,Male,High,Fixed,40510.92,52,4,535,South,4,1
CUST_62,64,Female,Medium,Fixed,72591.8,15,3,633,East,10,0
CUST_63,52,Female,High,Savings,28753.11,84,1,648,East,10,0
CUST_64,31,Female,Medium,Savings,69053.23,3,4,397,North,24,1
CUST_65,34,Male,High,Fixed,3425.35,37,4,381,North,21,1
CUST_66,53,Female,Medium,Current,31307.6,40,3,801,East,11,0
CUST_67,67,Female,Low,Savings,55363.9,72,4,776,East,27,1
CUST_68,57,Female,Medium,Savings,63576.89,40,3,849,South,16,0
CUST_69,21,Male,High,Current,58127.03,56,3,313,South,26,1
CUST_70,19,Female,High,Savings,70077.87,23,3,691,South,29,0
CUST_71,23,Male,Medium,Current,1602.79,11,2,646,East,29,0
CUST_72,59,Male,Low,Current,10993.18,64,4,609,West,17,0
CUST_73,21,Male,Low,Current,87025.48,8,3,685,East,16,0
CUST_74,46,Male,Medium,Fixed,68493.12,93,1,508,East,7,0
CUST_75,35,Male,Medium,Fixed,12180.23,94,2,656,South,16,0
CUST_76,43,Male,High,Fixed,84365.37,56,2,393,East,3,0
CUST_77,61,Female,Low,Current,24980.89,60,4,392,North,26,0
CUST_78,51,Male,Medium,Current,48347.73,10,3,639,East,16,0
CUST_79,27,Female,Low,Fixed,15374.45,39,4,744,East,8,0
CUST_80,53,Female,Medium,Savings,71300.9,28,2,321,East,12,0
CUST_81,31,Male,Medium,Current,67018.59,49,3,590,East,3,0
CUST_82,48,Female,Low,Savings,21900.13,36,1,784,West,17,1
CUST_83,65,Female,Medium,Savings,86476.68,13,3,605,East,21,0
CUST_84,32,Female,Medium,Current,40729.3,96,2,427,North,18,0
CUST_85,25,Female,High,Current,29958.99,36,1,572,North,11,0
CUST_86,31,Male,Medium,Savings,16080.63,26,3,741,East,4,0
CUST_87,40,Female,Medium,Savings,27350.63,86,1,802,South,16,0
CUST_88,57,Male,Medium,Fixed,3180.67,4,1,429,West,17,0
CUST_89,38,Female,High,Fixed,58742.49,95,2,431,East,9,1
CUST_90,33,Female,Low,Current,84380.84,82,1,781,East,6,0
CUST_91,62,Male,High,Fixed,55349.06,64,4,689,East,24,0
CUST_92,35,Female,High,Fixed,22708.12,38,2,624,South,27,0
CUST_93,64,Female,Low,Fixed,4333.25,88,4,368,South,20,1
CUST_94,41,Female,High,Fixed,22248.18,87,1,747,South,25,0
CUST_95,43,Male,Low,Savings,42196.02,22,4,827,West,2,0
CUST_96,42,Female,High,Current,76201.53,2,3,464,North,9,0
CUST_97,62,Male,Low,Fixed,19596.44,31,1,787,West,28,0
CUST_98,58,Female,Medium,Savings,72259.35,11,3,725,South,21,0
CUST_99,46,Male,High,Savings,86826.41,92,4,564,North,29,0
CUST_100,32,Male,High,Savings,45940.74,46,3,641,North,6,1
CUST_101,62,Female,High,Fixed,82321.77,96,1,577,South,3,0
CUST_102,18,Female,High,Fixed,55911.08,62,3,738,South,20,0
CUST_103,42,Male,Medium,Current,64071.99,69,4,456,West,6,0
CUST_104,24,Male,High,Fixed,53101.57,64,4,721,South,7,0
CUST_105,26,Female,Medium,Fixed,46854.1,10,4,550,North,1,0
CUST_106,41,Male,Medium,Savings,24230.69,40,1,829,East,23,0
CUST_107,18,Female,Medium,Current,31016.21,24,4,626,South,1,0
CUST_108,61,Female,Medium,Fixed,29707.04,99,1,396,South,5,0
CUST_109,25,Female,Low,Fixed,56765.6,44,3,812,West,6,0
CUST_110,41,Female,Low,Savings,12875.42,60,4,515,West,13,0
CUST_111,28,Male,High,Savings,91762.38,62,3,431,South,2,1
CUST_112,68,Female,Low,Fixed,72344.86,87,2,559,North,15,0
CUST_113,34,Male,Low,Current,40743.12,17,3,424,North,15,0
CUST_114,25,Female,High,Current,16703.79,65,2,381,East,13,0
CUST_115,52,Male,High,Savings,88317.22,95,3,582,South,26,0
CUST_116,52,Female,High,Savings,82554.03,95,1,358,West,25,1
CUST_117,50,Male,Low,Fixed,72450.43,57,3,843,North,14,0
CUST_118,22,Male,Low,Savings,27883.16,55,1,460,East,26,0
CUST_119,59,Female,High,Fixed,40842.22,53,1,583,South,22,0
CUST_120,56,Female,Medium,Current,11172.08,56,4,405,North,7,0
CUST_121,58,Female,High,Current,19714.91,98,1,404,South,14,0
CUST_122,45,Female,Medium,Fixed,78518.65,9,2,738,South,26,0
CUST_123,24,Male,Medium,Savings,71788.83,22,4,527,North,24,1
CUST_124,26,Female,High,Current,59755.09,13,4,617,North,27,1
CUST_125,25,Male,High,Savings,89676.95,89,3,763,North,29,0
CUST_126,29,Male,High,Current,58743.39,48,1,771,South,10,0
CUST_127,51,Female,Low,Fixed,47229.83,18,1,355,South,17,1
CUST_128,50,Male,Medium,Fixed,34696.7,76,2,312,East,14,0
CUST_129,65,Male,Low,Fixed,94104.4,40,3,739,West,8,0
CUST_130,40,Male,Low,Current,9188.83,17,3,317,South,4,0
CUST_131,41,Male,High,Savings,93157.85,15,4,412,West,26,1
CUST_132,54,Female,Low,Savings,82844.75,15,4,528,North,16,1
CUST_133,52,Female,High,Savings,13863.06,79,4,470,South,24,0
CUST_134,61,Female,Medium,Current,56933.45,63,2,594,East,13,0
CUST_135,57,Female,High,Current,86788.25,39,2,488,East,22,0
CUST_136,39,Male,Low,Current,57609.11,13,4,725,West,27,0
CUST_137,44,Male,Low,Current,90812.78,81,3,378,North,25,0
CUST_138,52,Female,High,Current,94355.4,32,2,481,West,27,0
CUST_139,18,Female,High,Savings,42816.07,9,3,798,North,20,0
CUST_140,52,Female,Low,Current,38354.05,40,3,370,East,18,1
CUST_141,54,Male,Medium,Current,93695.79,20,1,547,West,14,0
CUST_142,64,Female,Medium,Savings,67838.87,90,4,445,East,18,0
CUST_143,31,Female,High,Current,12486.25,91,1,595,East,5,0
CUST_144,20,Female,Medium,Savings,5186.88,85,4,769,North,26,0
CUST_145,18,Male,Low,Savings,56898.28,82,4,805,West,9,0
CUST_146,22,Male,High,Fixed,93086.93,77,3,492,West,28,1
CUST_147,43,Male,Low,Fixed,84580.62,80,4,367,East,3,1
CUST_148,31,Male,Low,Fixed,67908.93,73,3,793,East,8,0
CUST_149,56,Male,Medium,Fixed,14772.47,63,3,351,North,20,0
CUST_150,44,Male,High,Current,26168.91,76,4,662,South,22,1
CUST_151,26,Male,High,Fixed,87675.61,44,3,773,South,10,0
CUST_152,32,Male,Medium,Savings,19097.92,38,3,820,East,22,0
CUST_153,32,Female,Low,Current,28565.5,83,3,730,South,19,0
CUST_154,43,Female,Low,Fixed,13830.46,60,2,597,South,21,1
CUST_155,59,Male,Low,Savings,67934.71,71,3,734,South,28,0
CUST_156,30,Male,Low,Current,94454.25,99,2,497,South,3,0
CUST_157,68,Female,High,Current,27627.84,48,2,427,East,11,1
CUST_158,49,Male,High,Fixed,48065.25,18,3,831,South,11,0
CUST_159,56,Male,Medium,Current,63799.63,16,3,710,South,17,0
CUST_160,66,Male,Medium,Savings,99947.16,55,2,364,North,16,0
CUST_161,69,Female,High,Current,11376.0,39,2,540,East,7,1
CUST_162,49,Female,High,Savings,50358.51,68,3,668,West,4,0
CUST_163,21,Female,Low,Current,39126.89,59,3,835,West,23,1
CUST_164,47,Female,Low,Fixed,86716.2,89,4,683,North,19,0
CUST_165,54,Female,Medium,Savings,48120.81,96,2,730,North,12,0
CUST_166,40,Male,High,Current,11986.77,62,2,382,East,15,1
CUST_167,56,Female,Medium,Current,63807.99,13,4,585,West,11,0
CUST_168,62,Male,High,Current,77307.28,81,2,833,South,5,0
CUST_169,32,Male,Low,Savings,1285.24,6,1,758,North,5,0
CUST_170,60,Female,Medium,Savings,86036.71,83,2,511,West,15,0
CUST_171,46,Female,Medium,Savings,19416.28,77,4,425,East,29,0
CUST_172,53,Male,High,Fixed,55654.87,60,1,712,South,18,0
CUST_173,30,Male,Low,Fixed,42163.95,90,3,798,East,11,0
CUST_174,49,Male,Medium,Savings,72245.73,14,4,724,North,26,1
CUST_175,24,Female,Low,Current,37745.0,95,4,842,West,12,0
CUST_176,68,Female,Medium,Fixed,87106.55,54,3,457,West,2,1
CUST_177,39,Female,Low,Savings,73319.14,4,4,411,West,20,0
CUST_178,45,Female,High,Current,65123.6,39,2,701,West,15,0
CUST_179,19,Female,Medium,Fixed,79827.82,72,3,421,South,20,0
CUST_180,59,Male,Medium,Current,75648.28,25,4,572,South,4,0
CUST_181,62,Female,Low,Current,4557.93,77,3,593,East,22,0
CUST_182,23,Male,Low,Current,40078.7,32,3,697,South,18,0
CUST_183,45,Male,Medium,Current,93149.92,59,3,770,North,6,1
CUST_184,45,Male,High,Fixed,13446.7,63,1,506,North,23,1
CUST_185,61,Female,Low,Fixed,73972.56,38,4,409,West,27,0
CUST_186,61,Female,Low,Fixed,97484.59,92,1,739,North,26,1
CUST_187,37,Female,Low,Savings,6167.66,53,4,577,East,19,0
CUST_188,47,Male,Medium,Fixed,68537.19,94,2,781,South,11,0
CUST_189,28,Male,Medium,Current,47347.26,67,2,413,South,28,1
CUST_190,45,Male,Medium,Fixed,58338.35,28,2,776,South,24,0
CUST_191,42,Male,Medium,Current,9448.79,3,4,620,North,2,0
CUST_192,56,Male,High,Savings,5257.69,98,3,478,South,27,0
CUST_193,50,Male,High,Current,67019.8,80,3,518,West,8,0
CUST_194,18,Female,Medium,Current,82507.63,22,1,827,West,29,0
CUST_195,44,Female,High,Current,78419.52,96,1,791,West,11,0
CUST_196,69,Female,Low,Savings,54836.77,38,2,360,North,5,1
CUST_197,30,Female,Low,Fixed,10886.82,72,1,353,South,18,0
CUST_198,58,Male,Low,Fixed,69116.4,72,4,837,North,23,0
CUST_199,20,Male,Medium,Savings,24947.0,62,4,364,South,18,0
CUST_200,56,Female,Low,Current,91195.8,57,1,470,East,14,0
CUST_201,23,Male,High,Fixed,83988.27,6,1,572,East,22,0
CUST_202,25,Female,Medium,Savings,71228.91,78,1,834,North,10,0
CUST_203,44,Female,High,Fixed,94935.75,32,1,690,West,3,1
CUST_204,26,Female,Low,Savings,4110.76,99,2,626,North,9,1
CUST_205,54,Male,Low,Current,73883.84,10,2,407,West,3,1
CUST_206,50,Female,Low,Fixed,33694.04,3,1,461,South,11,1
CUST_207,68,Female,Medium,Savings,90700.52,59,4,751,West,12,0
CUST_208,59,Female,High,Fixed,27400.84,76,2,505,West,12,1
CUST_209,61,Male,Medium,Fixed,72760.79,49,4,315,South,3,0
CUST_210,41,Male,Medium,Fixed,87887.05,59,3,626,East,21,0
CUST_211,32,Female,Low,Fixed,5124.03,31,4,301,South,7,0
CUST_212,49,Male,Medium,Savings,40367.11,93,1,309,North,14,0
CUST_213,49,Male,Medium,Current,76468.59,69,3,733,North,24,0
CUST_214,41,Male,Low,Savings,46036.97,62,2,424,North,28,1
CUST_215,58,Male,Medium,Savings,27458.01,52,2,380,North,11,0
CUST_216,69,Male,Low,Savings,22760.73,89,3,784,North,7,0
CUST_217,66,Male,Low,Current,14020.31,41,4,449,East,25,0
CUST_218,66,Male,Low,Fixed,85855.83,31,2,639,East,21,0
CUST_219,69,Male,Low,Fixed,57960.18,85,1,428,West,10,0
CUST_220,29,Male,Medium,Fixed,8562.11,84,3,737,North,11,0
CUST_221,56,Male,Low,Current,38875.45,22,1,800,South,15,0
CUST_222,19,Female,Low,Fixed,37405.63,4,3,357,North,19,0
CUST_223,20,Female,Medium,Current,18992.18,13,2,497,East,16,0
CUST_224,66,Male,Medium,Fixed,44115.25,45,4,510,North,22,0
CUST_225,54,Female,High,Fixed,33877.84,42,3,344,East,21,0
CUST_226,66,Female,Medium,Savings,34838.57,49,3,396,West,28,0
CUST_227,34,Male,Medium,Current,74163.63,20,1,578,West,20,0
CUST_228,66,Male,High,Savings,23103.08,77,2,834,West,12,0
CUST_229,19,Male,Medium,Savings,64544.14,81,1,709,East,18,0
CUST_230,19,Female,Medium,Savings,57494.31,54,2,760,North,23,0
CUST_231,45,Female,Medium,Current,57241.16,36,1,690,North,13,0
CUST_232,40,Male,Medium,Current,66637.73,97,3,343,South,5,0
CUST_233,54,Male,High,Fixed,55289.82,1,1,326,East,4,0
CUST_234,49,Male,Medium,Savings,88046.26,15,4,396,South,28,0
CUST_235,50,Female,Medium,Fixed,67882.43,77,2,847,West,14,1
CUST_236,18,Female,High,Savings,55149.36,17,2,518,North,8,1
CUST_237,36,Female,Low,Current,83146.55,24,3,484,East,9,0
CUST_238,19,Female,High,Current,61008.51,58,2,368,South,25,0
CUST_239,61,Male,Low,Current,29823.28,72,4,429,South,19,0
CUST_240,43,Male,High,Savings,21502.4,91,1,633,South,3,1
CUST_241,49,Male,High,Current,16080.45,23,3,453,North,5,1
CUST_242,23,Male,Medium,Savings,90046.07,46,4,846,North,21,0
CUST_243,49,Female,Low,Fixed,71303.41,72,2,378,North,26,1
CUST_244,21,Female,Medium,Savings,93800.47,8,2,712,East,18,0
CUST_245,28,Male,Low,Fixed,60725.89,59,4,845,North,1,0
CUST_246,34,Male,High,Savings,47866.69,90,1,468,East,8,0
CUST_247,55,Female,High,Fixed,6911.93,59,1,814,South,19,0
CUST_248,41,Male,Low,Current,67492.59,13,3,613,South,17,1
CUST_249,22,Female,Medium,Fixed,58638.67,39,2,331,West,17,0
CUST_250,69,Male,Medium,Current,99030.68,28,4,586,North,11,0
CUST_251,51,Male,Medium,Current,24676.72,89,1,342,South,2,1
CUST_252,23,Male,Medium,Fixed,53543.0,61,3,300,North,6,1
CUST_253,39,Male,High,Savings,65444.78,16,2,569,East,22,0
CUST_254,28,Male,High,Savings,64814.53,2,2,479,South,14,0
CUST_255,65,Male,High,Savings,56568.06,82,3,817,North,3,0
CUST_256,33,Male,High,Savings,77915.87,17,3,402,South,12,0
CUST_257,50,Female,High,Savings,21293.14,30,1,309,South,4,1
CUST_258,26,Female,Medium,Current,72837.09,13,4,389,North,12,1
CUST_259,23,Female,Medium,Savings,62353.72,96,2,525,South,13,0
CUST_260,33,Female,Medium,Current,89711.44,93,4,425,South,2,0
CUST_261,46,Female,Medium,Current,84872.25,94,2,508,South,2,0
CUST_262,20,Male,High,Current,32199.56,82,2,396,South,15,1
CUST_263,37,Male,High,Fixed,28347.5,13,4,373,East,23,0
CUST_264,53,Female,High,Fixed,98183.68,43,3,490,South,29,0
CUST_265,36,Male,Low,Current,53199.25,85,1,355,West,17,0
CUST_266,43,Female,Medium,Fixed,90735.68,94,2,331,South,7,0
CUST_267,20,Female,Medium,Savings,17224.22,21,3,826,North,28,0
CUST_268,36,Male,High,Savings,64639.07,55,2,583,West,14,0
CUST_269,37,Male,Medium,Current,81176.16,81,1,793,East,12,1
CUST_270,49,Male,Medium,Savings,94792.13,40,2,486,West,17,1
CUST_271,24,Female,High,Current,34396.67,83,1,797,West,14,0
CUST_272,69,Male,Low,Current,72773.14,15,1,741,West,6,0
CUST_273,58,Female,Low,Savings,54342.49,73,2,429,North,19,0
CUST_274,50,Female,Low,Fixed,7002.26,52,2,591,North,24,0
CUST_275,57,Female,High,Savings,69309.97,74,1,413,North,6,0
CUST_276,56,Male,Medium,Savings,69319.56,95,3,498,East,27,1
CUST_277,35,Male,High,Current,93130.07,53,4,312,North,18,0
CUST_278,57,Female,High,Current,50233.93,87,1,570,North,24,0
CUST_279,18,Male,Medium,Current,23794.84,52,2,514,West,5,1
CUST_280,28,Male,Low,Current,5411.82,30,2,743,North,24,1
CUST_281,45,Male,Low,Fixed,42148.58,33,3,811,South,24,0
CUST_282,42,Female,High,Fixed,30889.75,57,4,746,North,6,0
CUST_283,67,Female,Low,Fixed,76347.74,52,1,373,East,2,0
CUST_284,40,Male,High,Current,36072.51,9,1,836,East,8,0
CUST_285,48,Female,High,Current,94958.05,54,4,400,South,15,0
CUST_286,47,Male,Medium,Current,96268.71,1,1,475,East,15,0
CUST_287,59,Male,Medium,Fixed,62469.95,44,4,726,East,11,1
CUST_288,52,Male,Medium,Current,92937.37,99,2,416,West,22,0
CUST_289,24,Male,High,Savings,76324.58,75,4,465,South,22,0
CUST_290,33,Female,Medium,Savings,55139.1,98,1,340,West,24,0
CUST_291,43,Female,Low,Current,18850.49,80,4,728,West,1,0
CUST_292,65,Female,Low,Savings,46401.2,9,3,643,North,18,1
CUST_293,69,Male,High,Savings,56526.57,32,2,723,South,12,0
CUST_294,66,Male,High,Fixed,86532.2,15,2,665,North,12,0
CUST_295,19,Male,Medium,Current,48652.0,12,4,419,North,25,0
CUST_296,18,Female,High,Current,89869.79,97,1,528,West,11,0
CUST_297,65,Male,High,Fixed,67760.55,78,3,429,East,28,0
CUST_298,29,Female,Low,Savings,14562.91,57,2,651,South,8,0
CUST_299,22,Female,Low,Savings,99503.16,8,2,617,East,28,0
CUST_300,54,Female,Medium,Current,53196.03,72,1,636,West,7,0
CUST_301,49,Female,High,Savings,39793.97,27,1,572,West,23,0
CUST_302,26,Female,High,Fixed,66252.26,62,3,416,West,21,1
CUST_303,58,Female,Low,Fixed,11780.44,12,4,667,West,2,1
CUST_304,52,Male,High,Current,64017.33,65,1,393,West,11,0
CUST_305,36,Male,Low,Fixed,50325.36,42,4,467,West,22,0
CUST_306,65,Female,Medium,Fixed,41260.73,62,3,640,East,10,0
CUST_307,33,Female,Low,Current,95348.98,11,4,451,North,3,0
CUST_308,20,Male,High,Fixed,52731.43,43,2,573,East,20,0
CUST_309,37,Female,Medium,Fixed,22692.63,95,4,795,South,29,1
CUST_310,41,Female,Low,Fixed,46437.38,17,3,400,East,10,1
CUST_311,50,Male,Low,Savings,92019.35,97,3,381,West,28,0
CUST_312,41,Female,Medium,Current,18433.45,32,3,828,East,27,0
CUST_313,69,Female,Medium,Current,22181.75,93,4,372,North,18,1
CUST_314,28,Female,Low,Current,2289.93,85,2,313,South,14,1
CUST_315,66,Male,High,Savings,2404.81,85,1,732,East,18,0
CUST_316,25,Male,Low,Savings,83109.77,40,2,456,North,28,0
CUST_317,53,Male,Medium,Current,73480.14,23,4,431,East,24,0
CUST_318,55,Female,Low,Savings,36149.06,56,4,637,South,8,0
CUST_319,57,Female,Medium,Current,70132.8,6,1,703,East,10,0
CUST_320,37,Male,Medium,Savings,40125.39,86,4,675,West,22,0
CUST_321,52,Female,High,Fixed,95336.78,50,3,406,East,13,0
CUST_322,65,Female,Medium,Fixed,96738.22,37,3,564,North,21,0
CUST_323,42,Female,Medium,Current,39886.58,64,3,504,East,8,0
CUST_324,52,Female,High,Savings,85567.97,54,3,378,North,4,0
CUST_325,42,Female,Medium,Savings,77535.82,72,3,454,South,27,1
CUST_326,46,Male,High,Fixed,31689.99,49,4,546,East,4,1
CUST_327,35,Female,High,Fixed,23971.94,99,1,830,South,5,0
CUST_328,63,Male,Medium,Savings,46365.23,11,1,837,South,1,0
CUST_329,35,Female,Medium,Savings,78353.54,88,3,453,East,17,1
CUST_330,19,Male,Low,Savings,96056.61,49,4,453,North,2,0
CUST_331,52,Female,High,Savings,76594.33,21,2,391,South,8,0
CUST_332,33,Male,Low,Savings,85665.49,66,2,732,South,7,0
CUST_333,58,Female,Medium,Savings,60703.37,63,4,637,East,15,0
CUST_334,53,Male,Low,Current,83705.38,83,3,779,East,26,0
CUST_335,50,Female,High,Savings,78657.66,28,1,430,East,25,1
CUST_336,21,Male,Low,Fixed,38321.57,17,4,749,East,5,0
CUST_337,50,Female,High,Current,55647.04,6,2,572,East,2,0
CUST_338,31,Male,Medium,Savings,80670.56,19,2,476,West,7,1
CUST_339,38,Male,Medium,Fixed,5559.62,56,2,348,East,8,0
CUST_340,65,Female,High,Current,80999.85,28,3,654,North,28,0
CUST_341,37,Female,Medium,Fixed,18610.92,66,2,607,South,7,0
CUST_342,25,Male,Medium,Savings,51953.68,38,4,345,North,7,0
CUST_343,24,Female,Medium,Savings,81019.27,37,4,601,North,28,0
CUST_344,20,Male,Medium,Savings,26128.29,68,2,707,West,14,0
CUST_345,34,Male,High,Savings,25334.94,86,4,488,East,21,0
CUST_346,50,Male,Low,Current,40873.68,90,2,428,South,18,0
CUST_347,65,Female,Low,Current,89569.64,49,2,836,North,6,0
CUST_348,29,Male,Medium,Fixed,1043.84,43,1,565,East,4,0
CUST_349,68,Male,Low,Savings,90236.93,36,3,417,East,10,0
CUST_350,39,Female,Low,Fixed,16226.9,58,3,763,West,18,0
CUST_351,39,Female,Medium,Current,99018.55,13,1,443,West,12,0
CUST_352,63,Female,Medium,Savings,95529.85,52,1,741,West,16,1
CUST_353,47,Female,Low,Savings,49972.84,58,3,499,South,25,0
CUST_354,55,Male,High,Current,51759.3,32,2,456,North,7,0
CUST_355,55,Male,Medium,Current,48673.38,81,2,786,West,6,0
CUST_356,62,Male,High,Current,63908.92,60,3,433,West,28,0
CUST_357,68,Male,Low,Current,9981.45,83,2,447,West,5,0
CUST_358,25,Female,Medium,Current,4229.18,58,1,635,North,3,1
CUST_359,44,Male,High,Savings,6712.59,99,2,370,North,12,1
CUST_360,44,Male,Medium,Current,44992.17,56,2,532,West,15,0
CUST_361,51,Female,Low,Savings,28279.25,28,4,633,West,10,0
CUST_362,38,Male,High,Savings,62581.92,1,4,389,East,26,0
CUST_363,47,Male,Low,Current,99251.79,42,4,633,West,20,0
CUST_364,50,Male,Low,Current,39245.99,82,2,498,South,19,0
CUST_365,45,Male,Medium,Savings,57810.28,48,3,460,South,16,0
CUST_366,64,Male,High,Current,42144.79,40,1,837,West,28,1
CUST_367,50,Male,Low,Current,84879.9,97,2,420,North,11,0
CUST_368,22,Female,Low,Current,90321.4,63,3,600,East,8,0
CUST_369,65,Female,High,Fixed,87858.21,76,2,735,North,3,0
CUST_370,36,Male,Low,Savings,97462.85,72,1,367,West,23,0
CUST_371,21,Male,Low,Fixed,3724.4,88,2,758,South,7,0
CUST_372,52,Female,High,Current,84141.8,80,1,813,East,23,1
CUST_373,66,Male,High,Fixed,75425.45,4,2,697,North,29,0
CUST_374,34,Male,High,Current,23640.75,38,1,585,North,7,0
CUST_375,61,Male,High,Fixed,95675.69,27,2,439,West,14,0
CUST_376,45,Female,Medium,Current,15669.61,9,1,581,East,2,0
CUST_377,47,Male,High,Fixed,68275.44,16,4,756,South,10,1
CUST_378,46,Female,Medium,Fixed,23264.13,56,2,386,West,19,0
CUST_379,63,Male,Medium,Fixed,43706.68,76,2,378,East,26,0
CUST_380,23,Female,Medium,Savings,72196.83,31,3,504,North,9,1
CUST_381,52,Female,Low,Fixed,56769.14,88,3,636,West,16,0
CUST_382,58,Male,Medium,Savings,43322.68,14,1,553,North,19,0
CUST_383,54,Female,Medium,Current,33307.5,25,2,603,North,18,0
CUST_384,41,Male,Low,Fixed,84126.31,34,1,679,West,9,1
CUST_385,46,Female,Low,Current,15237.62,67,4,429,West,16,0
CUST_386,66,Male,Low,Current,43580.18,24,3,575,West,13,0
CUST_387,63,Male,High,Fixed,90472.0,73,1,482,West,10,0
CUST_388,48,Female,Low,Savings,84739.11,26,1,567,West,25,0
CUST_389,52,Male,Low,Fixed,40693.23,20,3,621,North,20,0
CUST_390,50,Male,Medium,Current,76547.73,64,2,811,South,14,0
CUST_391,69,Female,Low,Current,82492.92,10,1,377,South,12,0
CUST_392,38,Male,High,Fixed,88999.85,83,3,638,West,25,0
CUST_393,49,Male,Low,Savings,54906.07,67,2,808,North,19,0
CUST_394,40,Female,High,Savings,21241.63,24,4,537,South,7,0
CUST_395,50,Female,Low,Current,26275.6,5,3,433,South,23,1
CUST_396,20,Male,Low,Current,30273.77,67,1,491,South,15,0
CUST_397,35,Male,Low,Savings,59786.45,58,4,655,North,16,0
CUST_398,42,Female,Low,Fixed,4248.15,27,2,577,West,27,0
CUST_399,59,Female,High,Current,63968.2,80,2,317,West,8,0
CUST_400,48,Male,High,Savings,37071.07,15,3,823,West,10,1
CUST_401,20,Female,Medium,Current,30228.94,35,3,479,East,4,1
CUST_402,57,Male,High,Fixed,88070.16,76,3,422,East,19,1
CUST_403,63,Male,Low,Savings,46540.24,53,2,545,East,19,0
CUST_404,41,Male,Medium,Current,10410.25,44,4,672,North,28,0
CUST_405,67,Male,Medium,Fixed,82847.93,26,2,350,South,21,0
CUST_406,49,Male,Medium,Current,5716.48,47,1,370,South,27,0
CUST_407,64,Female,Low,Fixed,72948.17,34,2,779,North,15,0
CUST_408,39,Female,High,Fixed,77616.72,87,1,318,North,14,1
CUST_409,40,Female,Low,Savings,35907.66,95,4,383,West,1,0
CUST_410,19,Female,Medium,Fixed,82654.0,50,3,454,West,16,0
CUST_411,44,Male,Low,Current,52050.28,84,3,656,East,10,0
CUST_412,59,Male,Low,Fixed,46866.07,12,2,742,East,19,1
CUST_413,19,Male,High,Fixed,5494.92,87,3,368,North,22,0
CUST_414,43,Male,High,Savings,29712.89,4,4,822,East,3,0
CUST_415,34,Female,Medium,Fixed,93169.99,87,3,442,South,5,1
CUST_416,57,Male,Low,Fixed,39790.57,48,2,491,North,9,0
CUST_417,50,Male,Low,Current,55123.35,55,4,686,North,18,0
CUST_418,26,Female,High,Savings,53670.15,1,1,677,South,11,0
CUST_419,60,Female,Low,Savings,59452.68,89,2,834,West,16,0
CUST_420,65,Female,Low,Savings,7071.76,66,1,592,West,2,1
CUST_421,56,Female,Low,Fixed,36855.45,30,4,308,South,12,0
CUST_422,46,Male,High,Savings,72589.7,3,2,570,South,22,0
CUST_423,59,Male,Medium,Fixed,20855.46,21,2,686,East,6,0
CUST_424,43,Female,Medium,Fixed,21154.26,89,4,392,North,11,0
CUST_425,52,Male,Low,Current,1998.97,84,3,828,East,27,0
CUST_426,67,Male,Medium,Current,44310.71,49,2,453,South,8,0
CUST_427,42,Male,High,Current,88390.7,86,2,704,East,12,0
CUST_428,41,Female,High,Current,6138.19,85,1,448,South,29,0
CUST_429,30,Male,Medium,Current,19920.75,62,3,566,East,27,1
CUST_430,24,Female,Medium,Fixed,31698.37,97,1,721,East,2,0
CUST_431,53,Male,Low,Fixed,73440.75,38,1,771,West,9,0
CUST_432,62,Male,Medium,Savings,64422.92,15,3,846,South,15,0
CUST_433,37,Male,Low,Fixed,42178.45,52,3,825,East,2,1
CUST_434,18,Female,Low,Fixed,76147.82,79,4,802,North,29,0
CUST_435,25,Male,High,Current,61353.47,46,3,313,East,1,0
CUST_436,63,Female,High,Fixed,89708.04,25,2,663,East,10,0
CUST_437,33,Female,High,Current,81984.65,21,3,418,North,2,0
CUST_438,31,Female,High,Savings,26028.55,88,4,537,South,12,0
CUST_439,29,Male,Medium,Savings,27872.42,5,4,845,West,23,1
CUST_440,68,Male,High,Fixed,13410.29,70,4,468,West,8,1
CUST_441,40,Male,Medium,Savings,34359.51,47,3,821,West,5,0
CUST_442,32,Male,High,Fixed,99954.85,87,3,815,North,22,0
CUST_443,45,Female,Medium,Savings,41169.37,68,1,696,East,28,0
CUST_444,51,Female,Low,Current,22828.36,91,1,405,South,1,0
CUST_445,19,Female,Medium,Current,76485.81,18,2,384,East,15,1
CUST_446,49,Male,Medium,Current,54704.63,21,1,513,West,6,0
CUST_447,40,Female,High,Current,15810.54,92,2,420,East,12,0
CUST_448,39,Male,Medium,Fixed,38688.28,99,4,431,North,8,0
CUST_449,68,Female,Low,Savings,42032.5,86,1,496,North,13,0
CUST_450,42,Male,Low,Fixed,75629.14,23,3,318,South,19,0
CUST_451,39,Male,High,Current,3046.47,64,1,311,South,27,0
CUST_452,39,Female,Low,Fixed,27632.95,67,2,380,West,1,0
CUST_453,66,Female,Medium,Savings,52242.03,40,1,629,South,11,1
CUST_454,69,Female,Low,Fixed,27615.83,10,4,691,East,20,0
CUST_455,59,Female,High,Savings,63214.97,89,3,606,North,1,0
CUST_456,23,Male,Medium,Fixed,48704.88,52,2,566,North,8,0
CUST_457,32,Female,High,Savings,36809.32,72,3,746,North,5,0
CUST_458,60,Female,Medium,Savings,94971.65,75,3,740,South,17,0
CUST_459,54,Female,Low,Current,63583.79,61,2,301,North,8,0
CUST_460,50,Male,High,Savings,13864.2,64,3,819,North,25,0
CUST_461,25,Male,High,Current,56449.08,5,3,608,North,10,0
CUST_462,61,Female,Medium,Current,78292.45,53,1,821,West,2,1
CUST_463,61,Male,High,Current,71140.48,55,3,768,West,9,0
CUST_464,22,Female,Medium,Fixed,18036.83,37,3,511,South,24,0
CUST_465,56,Male,Medium,Fixed,97269.58,56,3,411,North,23,0
CUST_466,21,Male,Medium,Fixed,45432.55,59,3,307,South,3,0
CUST_467,23,Male,Medium,Fixed,16743.48,93,2,776,North,18,0
CUST_468,62,Male,Low,Savings,18839.38,69,4,759,North,7,1
CUST_469,49,Female,Medium,Savings,10725.26,73,1,552,North,15,0
CUST_470,69,Female,High,Fixed,80548.29,59,3,825,South,21,1
CUST_471,47,Female,Low,Savings,13081.02,2,3,737,South,22,0
CUST_472,64,Male,High,Savings,13387.4,65,2,535,North,20,0
CUST_473,52,Female,Low,Current,85196.69,60,4,605,East,18,0
CUST_474,57,Female,Medium,Current,35115.8,51,3,777,South,25,1
CUST_475,69,Female,Low,Current,4054.93,30,2,319,West,3,0
CUST_476,33,Male,Low,Current,6137.63,11,1,515,South,28,1
CUST_477,30,Male,High,Savings,15074.87,92,1,434,North,23,1
CUST_478,67,Male,High,Fixed,22125.94,76,3,428,East,14,1
CUST_479,59,Female,Medium,Savings,66849.47,39,3,709,North,24,0
CUST_480,47,Female,Low,Savings,16575.3,90,4,721,West,2,0
CUST_481,36,Female,Low,Savings,12768.56,77,4,593,South,14,0
CUST_482,34,Male,Low,Current,76707.2,72,3,545,South,22,0
CUST_483,36,Male,Medium,Current,67434.47,63,2,385,North,11,0
CUST_484,45,Female,Medium,Current,44097.1,64,4,674,North,16,0
CUST_485,43,Male,Medium,Fixed,55381.67,61,3,745,West,8,0
CUST_486,54,Male,Medium,Savings,31886.42,54,4,677,East,7,0
CUST_487,43,Male,Medium,Fixed,48767.54,92,3,689,West,11,0
CUST_488,40,Male,High,Current,51160.59,94,1,350,East,3,0
CUST_489,26,Female,Low,Fixed,39336.49,73,3,541,South,17,0
CUST_490,29,Male,Low,Savings,90750.65,95,1,593,East,14,0
CUST_491,18,Male,Low,Savings,2590.12,58,4,565,East,6,0
CUST_492,18,Male,Low,Current,78434.96,85,3,419,South,8,0
CUST_493,64,Male,Low,Current,13313.9,56,4,547,South,22,0
CUST_494,51,Female,Low,Fixed,79957.19,34,1,369,South,5,0
CUST_495,49,Female,Low,Current,61975.28,31,3,356,West,27,0
CUST_496,65,Male,Low,Current,84484.53,52,4,681,South,28,0
CUST_497,42,Male,High,Savings,10653.92,89,1,338,North,8,0
CUST_498,57,Male,Low,Current,56339.08,76,4,742,South,2,0
CUST_499,62,Male,High,Current,50607.7,1,2,317,South,15,0
CUST_500,18,Male,Medium,Savings,70913.13,55,1,651,South,12,0
CUST_501,33,Male,Low,Savings,53894.76,22,1,597,East,17,0
CUST_502,56,Female,Medium,Fixed,54532.72,40,1,582,West,1,0
CUST_503,22,Male,Medium,Current,43530.0,1,3,409,South,15,0
CUST_504,39,Female,Medium,Savings,31574.61,65,3,479,West,14,0
CUST_505,46,Female,High,Fixed,48744.17,63,3,843,North,20,0
CUST_506,20,Male,Medium,Fixed,12730.74,54,2,324,North,22,0
CUST_507,29,Female,Medium,Current,96189.82,42,2,356,South,16,0
CUST_508,43,Female,Medium,Current,71726.67,21,1,479,North,29,0
CUST_509,33,Female,Low,Fixed,95294.24,79,2,531,West,9,1
CUST_510,68,Female,Low,Savings,23446.01,81,4,642,East,1,0
CUST_511,54,Female,High,Fixed,88054.76,22,1,776,South,28,0
CUST_512,39,Female,High,Current,81070.21,38,1,754,North,17,0
CUST_513,46,Male,Low,Savings,68038.09,99,4,531,West,29,0
CUST_514,31,Female,High,Savings,62877.89,80,1,588,West,13,1
CUST_515,45,Female,Low,Fixed,32338.42,8,2,512,North,21,0
CUST_516,22,Female,Medium,Current,81824.67,62,3,557,West,26,0
CUST_517,64,Male,Medium,Fixed,50650.03,47,4,829,West,21,1
CUST_518,66,Female,High,Fixed,8018.27,17,2,528,South,5,0
CUST_519,47,Male,Low,Fixed,31973.45,17,4,525,West,10,0
CUST_520,63,Female,Low,Savings,93594.41,90,4,734,North,6,1
CUST_521,69,Male,High,Savings,85217.35,13,1,701,South,24,0
CUST_522,22,Male,Low,Current,98208.66,17,1,387,North,19,0
CUST_523,29,Female,Medium,Current,63171.34,38,2,841,East,25,0
CUST_524,33,Female,High,Fixed,25503.5,81,4,608,North,13,0
CUST_525,43,Male,High,Fixed,17118.69,78,1,642,North,1,0
CUST_526,43,Female,Low,Fixed,19504.53,45,1,735,South,20,1
CUST_527,65,Male,High,Current,2959.77,6,4,476,West,25,0
CUST_528,38,Male,Low,Savings,39677.53,35,2,438,North,15,0
CUST_529,56,Male,Low,Savings,19951.34,14,2,493,South,14,1
CUST_530,53,Male,Low,Fixed,41753.89,72,4,485,East,8,0
CUST_531,50,Male,Low,Fixed,93564.45,61,2,517,South,10,0
CUST_532,47,Female,Low,Fixed,43623.48,15,1,463,South,9,0
CUST_533,54,Male,High,Fixed,87920.47,54,4,460,West,17,1
CUST_534,40,Male,Medium,Current,60944.97,27,1,824,North,9,1
CUST_535,27,Female,Medium,Savings,25466.02,13,3,341,East,3,0
CUST_536,22,Male,High,Fixed,36229.62,31,3,509,South,11,0
CUST_537,53,Female,High,Current,9308.03,35,2,574,North,12,0
CUST_538,51,Female,Medium,Fixed,34012.8,60,3,578,North,10,1
CUST_539,69,Female,Medium,Fixed,68076.55,6,1,550,South,25,0
CUST_540,48,Male,Medium,Savings,8139.0,69,3,609,North,17,0
CUST_541,27,Male,Medium,Fixed,21334.74,86,1,439,South,17,1
CUST_542,36,Male,Medium,Savings,38762.66,58,2,845,South,25,0
CUST_543,49,Female,Low,Savings,98222.9,49,2,829,South,11,0
CUST_544,18,Male,High,Savings,78701.32,23,1,356,East,22,0
CUST_545,22,Female,Low,Current,73615.19,89,3,411,South,4,0
CUST_546,62,Male,Medium,Current,12502.9,34,2,304,West,7,0
CUST_547,21,Female,Medium,Savings,78318.59,26,4,709,North,21,1
CUST_548,33,Male,Medium,Fixed,78741.61,47,2,713,East,26,0
CUST_549,41,Male,Low,Savings,60509.17,5,3,481,North,14,0
CUST_550,33,Male,Low,Fixed,99045.82,90,4,312,East,7,0
CUST_551,19,Female,Medium,Savings,33200.14,20,3,638,West,24,0
CUST_552,66,Female,Low,Fixed,94185.97,6,1,558,East,8,0
CUST_553,45,Male,Low,Current,91558.38,70,4,389,East,1,0
CUST_554,49,Male,Medium,Fixed,2136.59,59,3,549,East,24,1
CUST_555,44,Female,Low,Savings,45561.54,64,4,554,North,22,0
CUST_556,37,Female,High,Current,97733.32,18,3,407,South,4,0
CUST_557,41,Female,High,Fixed,11209.01,4,4,784,North,29,0
CUST_558,29,Male,High,Fixed,55230.68,17,3,557,South,12,1
CUST_559,67,Female,High,Fixed,97916.79,14,1,581,North,24,0
CUST_560,52,Male,Medium,Fixed,55994.05,78,4,387,West,3,0
CUST_561,50,Female,Medium,Fixed,19791.71,13,4,503,West,13,0
CUST_562,50,Male,Medium,Current,58636.14,7,4,315,East,20,1
CUST_563,68,Female,High,Current,21239.62,44,4,450,West,6,0
CUST_564,60,Female,High,Current,52450.72,15,1,553,East,11,0
CUST_565,54,Female,Low,Current,8330.18,19,4,487,South,23,0
CUST_566,29,Female,Low,Savings,60942.78,63,2,628,West,4,0
CUST_567,20,Female,High,Current,52162.2,35,1,843,South,20,0
CUST_568,18,Male,High,Fixed,74275.98,81,2,696,North,16,0
CUST_569,50,Female,High,Fixed,63439.35,35,4,816,South,7,0
CUST_570,57,Female,High,Current,55411.02,19,3,758,North,22,1
CUST_571,27,Female,Low,Fixed,69288.11,20,2,629,South,29,1
CUST_572,60,Male,High,Current,15250.25,35,4,468,South,11,0
CUST_573,61,Female,Low,Fixed,59940.61,32,2,665,West,24,1
CUST_574,46,Male,High,Savings,18038.95,48,4,477,South,1,0
CUST_575,30,Female,High,Savings,92626.7,44,4,661,West,26,0
CUST_576,29,Female,High,Current,7765.08,24,4,339,West,29,0
CUST_577,48,Male,Low,Current,43607.1,61,3,715,East,27,0
CUST_578,63,Female,Low,Current,69883.95,17,2,654,East,7,0
CUST_579,19,Male,Medium,Fixed,46344.2,71,1,554,North,12,0
CUST_580,68,Male,High,Current,10117.43,50,1,442,South,7,0
CUST_581,67,Female,Medium,Savings,55784.52,65,1,310,North,27,0
CUST_582,52,Male,Medium,Fixed,64521.56,99,1,325,South,23,0
CUST_583,40,Female,Low,Current,70675.44,32,4,720,East,7,0
CUST_584,34,Female,Low,Fixed,37952.72,36,2,520,East,10,1
CUST_585,43,Male,Medium,Fixed,56802.34,13,2,795,South,16,0
CUST_586,25,Male,High,Current,45617.96,70,3,536,South,26,0
CUST_587,46,Male,Low,Fixed,67533.55,58,2,536,East,8,0
CUST_588,43,Male,High,Savings,58772.14,14,2,518,East,9,0
CUST_589,27,Female,High,Savings,53049.87,37,2,786,North,9,1
CUST_590,43,Female,Medium,Fixed,25702.91,79,3,760,East,2,0
CUST_591,51,Male,Medium,Current,1199.83,68,1,443,South,13,0
CUST_592,68,Female,Medium,Fixed,18234.09,40,2,488,North,13,0
CUST_593,58,Female,Medium,Savings,12589.54,59,3,554,South,23,0
CUST_594,24,Female,Low,Fixed,45459.39,80,3,367,West,23,1
CUST_595,21,Female,Low,Fixed,61613.56,92,4,635,North,4,0
CUST_596,67,Male,Medium,Savings,22095.42,16,3,708,South,25,0
CUST_597,62,Male,Low,Fixed,93966.65,62,1,599,East,24,0
CUST_598,28,Female,Medium,Fixed,1661.53,4,2,656,West,12,0
CUST_599,46,Male,High,Current,77457.8,45,3,555,South,17,0
CUST_600,53,Male,High,Current,62895.27,90,1,652,North,2,0
CUST_601,42,Male,High,Savings,37981.93,28,3,820,South,13,0
CUST_602,38,Female,Medium,Savings,5998.41,96,3,823,West,29,0
CUST_603,53,Female,High,Savings,63121.17,66,3,583,North,18,1
CUST_604,27,Female,Low,Current,39175.74,31,3,611,West,28,0
CUST_605,54,Male,High,Savings,93690.45,3,3,398,South,28,0
CUST_606,26,Female,High,Savings,54657.02,8,1,496,East,27,0
CUST_607,41,Female,High,Savings,94025.5,24,2,781,East,15,0
CUST_608,52,Male,Low,Current,22827.89,15,2,525,South,8,0
CUST_609,66,Female,Medium,Fixed,72846.87,43,2,664,South,15,0
CUST_610,52,Female,Low,Savings,62107.65,31,2,667,South,1,0
CUST_611,65,Male,Medium,Fixed,74201.41,73,1,374,North,20,0
CUST_612,53,Male,Medium,Savings,22252.12,45,4,341,West,10,1
CUST_613,35,Male,High,Fixed,66834.46,66,4,721,West,12,0
CUST_614,66,Female,Medium,Current,50306.0,8,1,480,West,5,0
CUST_615,56,Female,Low,Current,74539.67,71,1,844,South,9,0
CUST_616,49,Female,Low,Savings,33377.42,57,3,370,West,23,1
CUST_617,41,Male,Medium,Fixed,89115.65,80,3,404,South,8,1
CUST_618,40,Male,High,Current,9345.83,99,3,499,North,16,0
CUST_619,49,Female,High,Savings,80911.74,30,2,400,East,14,0
CUST_620,54,Female,Low,Savings,86270.64,74,3,606,South,27,0
CUST_621,29,Male,High,Current,81907.98,18,4,676,South,25,0
CUST_622,66,Male,Medium,Current,51759.91,69,2,698,East,13,1
CUST_623,30,Male,Medium,Savings,44400.11,93,3,520,East,23,0
CUST_624,40,Male,Low,Fixed,99629.97,39,2,481,North,21,0
CUST_625,42,Female,Medium,Fixed,23688.02,60,4,606,West,13,0
CUST_626,52,Male,Low,Fixed,55140.72,98,3,821,South,5,0
CUST_627,58,Female,Medium,Savings,67396.88,43,4,695,West,16,0
CUST_628,47,Female,Low,Current,70385.9,45,4,303,South,26,0
CUST_629,34,Female,High,Savings,21198.44,23,4,580,North,11,0
CUST_630,66,Male,Medium,Current,65745.42,69,3,514,East,22,0
CUST_631,37,Male,Medium,Fixed,82018.59,94,1,719,North,5,0
CUST_632,65,Male,Low,Fixed,5951.84,6,3,400,East,13,0
CUST_633,42,Male,Low,Current,91240.61,56,4,820,West,28,0
CUST_634,39,Female,Medium,Current,3920.9,4,3,608,West,11,0
CUST_635,30,Male,Low,Savings,36241.13,93,4,809,North,25,0
CUST_636,36,Male,Medium,Fixed,2565.51,23,1,362,East,19,1
CUST_637,66,Female,High,Savings,8637.37,6,2,525,North,3,1
CUST_638,53,Male,Low,Savings,91205.66,32,1,404,East,15,1
CUST_639,29,Female,Medium,Savings,36131.22,18,1,724,East,7,0
CUST_640,58,Female,High,Fixed,43052.38,15,2,554,West,7,0
CUST_641,36,Female,High,Savings,22319.09,40,3,728,West,6,0
CUST_642,29,Female,Medium,Savings,60112.48,96,2,733,East,3,1
CUST_643,26,Female,Low,Savings,59885.52,73,3,506,East,13,1
CUST_644,24,Female,Medium,Savings,37847.84,74,3,327,East,7,1
CUST_645,45,Female,High,Savings,33970.45,84,4,635,West,5,0
CUST_646,31,Female,Medium,Savings,88611.47,6,4,368,West,23,1
CUST_647,48,Male,Low,Fixed,38945.14,63,2,812,South,18,0
CUST_648,69,Male,High,Savings,49856.6,67,1,466,East,22,0
CUST_649,36,Male,Medium,Current,29047.17,11,2,667,South,8,0
CUST_650,64,Male,Low,Savings,78890.18,43,3,550,East,17,0
CUST_651,33,Female,High,Savings,40347.37,17,4,469,West,20,0
CUST_652,22,Male,Low,Fixed,51847.49,96,2,389,South,27,0
CUST_653,52,Female,High,Fixed,26082.36,4,2,745,South,1,0
CUST_654,29,Male,Medium,Current,98778.3,63,4,593,North,14,0
CUST_655,42,Male,Low,Current,29858.08,68,4,449,East,17,1
CUST_656,69,Male,High,Fixed,77303.51,81,4,431,West,10,0
CUST_657,38,Female,Low,Fixed,43322.07,41,3,732,North,12,0
CUST_658,53,Male,Low,Savings,21415.52,83,4,358,North,16,1
CUST_659,40,Female,Medium,Fixed,80172.16,5,1,498,East,14,1
CUST_660,33,Female,Low,Current,34027.07,32,2,514,North,27,0
CUST_661,56,Male,High,Savings,86654.14,86,4,771,East,16,0
CUST_662,62,Male,High,Current,91610.46,70,4,546,North,8,0
CUST_663,59,Male,High,Savings,86122.56,35,3,681,East,23,0
CUST_664,56,Female,High,Fixed,4465.78,22,3,538,West,28,0
CUST_665,31,Male,Medium,Current,78949.96,65,2,666,East,10,1
CUST_666,48,Female,Low,Savings,41722.61,84,1,467,East,29,0
CUST_667,22,Female,Medium,Savings,87498.57,22,2,350,South,17,1
CUST_668,52,Male,Low,Fixed,64157.47,11,4,679,West,27,1
CUST_669,40,Male,Low,Fixed,83530.67,77,1,773,West,29,1
CUST_670,46,Female,Low,Fixed,50443.75,3,1,379,West,18,0
CUST_671,60,Female,Medium,Current,53967.52,9,1,666,North,20,1
CUST_672,28,Female,Low,Savings,15294.38,60,1,760,South,16,0
CUST_673,35,Male,Medium,Fixed,78614.75,76,2,838,West,17,0
CUST_674,64,Female,High,Current,42519.57,87,3,751,North,16,0
CUST_675,29,Male,High,Current,50507.93,14,3,763,North,19,0
CUST_676,26,Female,Low,Current,78724.67,97,4,777,North,24,0
CUST_677,27,Female,Medium,Fixed,60285.69,18,3,719,South,24,0
CUST_678,61,Male,High,Fixed,20908.77,73,3,513,North,8,0
CUST_679,34,Female,Medium,Savings,59433.03,23,3,668,South,6,0
CUST_680,55,Male,Medium,Savings,41355.65,74,3,413,East,6,0
CUST_681,24,Male,Low,Fixed,47483.03,83,4,802,North,21,0
CUST_682,63,Female,High,Current,3802.82,47,2,610,West,29,1
CUST_683,30,Male,Low,Current,21792.91,69,1,768,North,9,0
CUST_684,57,Male,Low,Current,28822.77,47,3,343,East,4,0
CUST_685,59,Female,High,Savings,71583.04,87,2,714,East,26,0
CUST_686,26,Male,High,Current,2137.75,30,3,545,North,12,0
CUST_687,67,Male,Medium,Savings,41468.95,25,3,383,East,28,0
CUST_688,44,Male,High,Savings,92478.66,28,1,506,South,12,0
CUST_689,19,Female,Medium,Current,12076.18,98,1,450,South,23,1
CUST_690,22,Male,Medium,Current,52126.01,25,1,827,North,17,0
CUST_691,46,Female,Medium,Fixed,78865.72,74,3,464,South,15,0
CUST_692,54,Female,High,Fixed,94310.6,78,3,444,South,9,0
CUST_693,55,Male,Low,Current,74930.89,58,3,336,West,7,1
CUST_694,36,Male,Medium,Savings,72335.99,94,1,632,North,10,0
CUST_695,25,Male,Low,Savings,82822.32,41,4,702,East,16,0
CUST_696,65,Female,Low,Savings,45173.92,25,2,713,North,12,0
CUST_697,62,Male,High,Savings,80778.61,78,4,344,South,25,0
CUST_698,18,Male,Low,Savings,1788.48,99,3,701,West,7,0
CUST_699,39,Male,Low,Fixed,92531.54,48,3,505,North,18,0
CUST_700,69,Male,High,Current,44887.34,98,4,361,North,15,0
CUST_701,34,Male,Medium,Fixed,55784.64,10,3,719,South,6,0
CUST_702,24,Female,Low,Savings,26233.34,99,2,767,South,26,0
CUST_703,42,Female,High,Savings,74510.55,75,3,318,North,12,0
CUST_704,62,Male,Low,Savings,8586.94,11,2,664,South,11,0
CUST_705,21,Male,Low,Savings,87390.94,85,4,599,South,20,0
CUST_706,53,Male,Medium,Current,82983.57,21,4,306,South,3,1
CUST_707,23,Male,Low,Savings,22389.95,86,3,727,South,2,1
CUST_708,48,Female,High,Current,81123.12,45,2,416,South,6,0
CUST_709,36,Male,Low,Savings,78849.42,7,3,806,West,24,0
CUST_710,61,Female,Medium,Current,63589.44,81,1,845,South,22,0
CUST_711,56,Female,Medium,Fixed,37978.5,64,1,624,East,25,0
CUST_712,44,Male,High,Savings,27878.38,64,1,354,North,5,0
CUST_713,27,Female,Medium,Current,23946.58,2,1,341,West,18,1
CUST_714,43,Female,Low,Fixed,32542.29,76,3,596,West,16,0
CUST_715,36,Female,Medium,Savings,90452.29,42,1,530,South,8,0
CUST_716,56,Female,High,Savings,8686.44,82,2,752,North,25,0
CUST_717,20,Male,Medium,Savings,83058.26,54,4,693,East,26,0
CUST_718,62,Male,Medium,Current,35540.12,75,4,821,South,20,0
CUST_719,30,Female,Medium,Current,52638.34,16,1,657,North,22,0
CUST_720,67,Male,High,Fixed,79654.08,18,1,743,South,11,0
CUST_721,45,Male,Medium,Current,88553.28,99,1,427,South,10,1
CUST_722,37,Male,Medium,Current,35133.36,59,3,704,South,24,0
CUST_723,45,Male,Low,Savings,46722.5,90,4,691,South,25,1
CUST_724,25,Male,High,Savings,42037.09,16,1,492,South,12,1
CUST_725,58,Female,Medium,Savings,2311.85,6,2,377,South,21,0
CUST_726,56,Male,High,Savings,30298.35,57,1,384,South,28,0
CUST_727,18,Male,Medium,Savings,46459.73,47,4,329,East,6,0
CUST_728,20,Male,Medium,Savings,41698.27,48,1,348,West,27,1
CUST_729,30,Male,Medium,Savings,72470.99,42,4,444,East,20,0
CUST_730,45,Female,Low,Fixed,39095.56,76,1,368,South,5,0
CUST_731,66,Female,Low,Fixed,49448.27,60,2,357,South,23,0
CUST_732,42,Female,Low,Fixed,43531.25,77,1,778,East,9,0
CUST_733,50,Female,High,Fixed,74321.99,4,2,744,East,26,1
CUST_734,55,Male,High,Savings,86434.27,2,2,595,West,27,0
CUST_735,23,Female,Low,Fixed,53657.02,90,1,470,East,29,0
CUST_736,61,Male,High,Savings,79153.79,59,2,446,West,16,0
CUST_737,62,Male,Medium,Fixed,30381.88,27,3,783,South,22,1
CUST_738,49,Male,Medium,Current,54595.59,27,1,605,North,14,0
CUST_739,62,Male,Medium,Fixed,35177.77,79,1,745,North,22,0
CUST_740,64,Male,Low,Fixed,42005.89,72,2,520,North,8,0
CUST_741,38,Female,High,Savings,73508.97,7,2,677,North,27,0
CUST_742,33,Female,Low,Fixed,88284.59,63,1,565,South,20,0
CUST_743,38,Female,High,Current,13028.04,46,3,394,North,19,0
CUST_744,28,Female,Medium,Savings,63829.29,63,2,561,East,14,0
CUST_745,54,Male,Low,Savings,58632.24,12,2,370,East,7,0
CUST_746,53,Female,High,Fixed,12723.09,13,4,518,North,5,0
CUST_747,52,Male,High,Savings,21977.54,43,3,832,East,18,0
CUST_748,36,Female,Medium,Savings,31789.25,17,3,391,West,2,0
CUST_749,37,Male,Low,Savings,17526.18,63,1,426,South,11,1
CUST_750,35,Male,Low,Savings,25129.22,81,3,379,North,22,1
CUST_751,64,Female,Low,Savings,27492.48,36,1,537,North,8,0
CUST_752,58,Male,Medium,Savings,34231.71,85,4,671,South,1,0
CUST_753,66,Male,Low,Current,75189.65,8,3,785,East,27,0
CUST_754,31,Female,Medium,Fixed,57619.31,69,2,324,South,22,0
CUST_755,32,Male,Medium,Current,98638.42,90,4,455,South,12,0
CUST_756,48,Female,Medium,Savings,42058.85,80,1,816,East,2,0
CUST_757,18,Female,High,Savings,75632.64,36,4,829,South,18,0
CUST_758,20,Female,Low,Fixed,87275.37,28,1,356,East,7,1
CUST_759,33,Male,Low,Current,68218.87,93,4,318,East,26,0
CUST_760,40,Male,Medium,Fixed,41774.61,47,1,683,South,17,0
CUST_761,28,Male,Medium,Current,75605.87,76,3,492,West,22,0
CUST_762,29,Female,Low,Savings,21163.05,30,2,536,East,23,0
CUST_763,27,Male,Medium,Fixed,33427.66,23,1,686,South,14,0
CUST_764,49,Female,Low,Fixed,55121.84,16,4,725,East,24,0
CUST_765,33,Female,High,Savings,57965.53,14,1,576,West,7,0
CUST_766,25,Male,Medium,Fixed,3192.01,74,1,526,West,22,0
CUST_767,55,Female,Low,Current,94566.3,71,1,622,North,25,1
CUST_768,29,Male,Medium,Current,69966.1,52,4,452,East,29,0
CUST_769,41,Male,Low,Current,50074.67,37,2,536,East,3,0
CUST_770,45,Male,Low,Current,93379.6,29,3,354,South,27,0
CUST_771,25,Male,Medium,Savings,44470.46,67,2,735,East,6,0
CUST_772,45,Male,High,Fixed,98063.12,15,1,408,North,20,0
CUST_773,53,Female,Low,Current,51716.19,47,4,483,West,2,0
CUST_774,43,Female,Low,Savings,12314.29,46,2,667,West,17,1
CUST_775,25,Female,Low,Fixed,76715.3,52,1,497,North,12,1
CUST_776,67,Male,High,Fixed,68210.87,19,3,670,East,12,0
CUST_777,45,Male,High,Savings,77525.69,77,3,672,East,17,1
CUST_778,45,Male,Medium,Savings,95192.76,21,3,796,North,27,0
CUST_779,54,Female,High,Current,77872.44,64,1,500,South,10,0
CUST_780,58,Male,Medium,Fixed,61522.32,37,4,808,West,3,0
CUST_781,53,Female,Medium,Fixed,85873.58,27,2,621,North,20,1
CUST_782,44,Female,High,Savings,67651.4,55,3,574,North,18,0
CUST_783,34,Male,Medium,Fixed,41403.79,29,1,510,East,13,0
CUST_784,26,Male,High,Current,88676.36,20,1,803,West,12,0
CUST_785,50,Female,Medium,Fixed,22968.15,25,2,417,East,27,0
CUST_786,37,Male,High,Savings,71749.49,70,3,341,North,27,0
CUST_787,30,Female,High,Savings,88274.78,63,1,614,South,27,1
CUST_788,45,Male,Medium,Current,73400.34,36,2,628,West,17,0
CUST_789,65,Male,Low,Current,70030.27,2,4,316,North,4,0
CUST_790,46,Female,Medium,Fixed,75511.19,22,4,582,North,23,0
CUST_791,30,Male,High,Fixed,47040.47,96,4,557,South,10,0
CUST_792,63,Female,Low,Savings,87542.9,16,3,318,North,11,0
CUST_793,52,Male,Medium,Current,21140.21,18,2,828,North,6,0
CUST_794,23,Female,Medium,Current,13611.26,69,2,722,West,6,0
CUST_795,35,Female,Medium,Current,29265.37,54,1,765,West,27,0
CUST_796,68,Male,Low,Fixed,53626.16,30,1,672,West,9,0
CUST_797,22,Female,High,Current,51545.62,45,1,380,East,15,0
CUST_798,64,Male,Medium,Savings,82239.28,19,2,847,South,2,0
CUST_799,42,Male,Medium,Savings,41052.3,87,1,723,West,4,0
CUST_800,19,Male,Medium,Fixed,48950.1,34,2,728,East,5,1
CUST_801,27,Female,Medium,Fixed,2323.4,13,2,687,East,17,0
CUST_802,47,Female,Medium,Current,41564.18,43,4,503,South,8,0
CUST_803,67,Male,High,Fixed,65129.65,62,1,495,South,8,0
CUST_804,62,Male,High,Savings,2535.32,93,4,584,North,22,0
CUST_805,22,Female,Medium,Current,28807.31,22,3,495,East,12,1
CUST_806,50,Male,Low,Savings,21587.68,52,3,606,West,21,0
CUST_807,18,Male,High,Current,5156.56,52,3,313,South,8,0
CUST_808,35,Female,Low,Fixed,48446.75,36,2,445,East,19,0
CUST_809,49,Male,High,Current,18990.61,73,2,356,West,3,0
CUST_810,64,Female,Medium,Current,74565.07,19,2,509,East,18,1
CUST_811,66,Male,High,Savings,84944.86,38,1,828,South,21,0
CUST_812,28,Female,Medium,Savings,55012.93,70,4,643,North,19,0
CUST_813,38,Male,High,Current,98189.03,79,2,578,East,19,0
CUST_814,43,Male,Medium,Fixed,45597.38,57,4,508,West,15,0
CUST_815,42,Female,Medium,Fixed,51823.45,20,4,634,South,6,1
CUST_816,39,Male,Medium,Savings,98932.56,9,4,587,North,16,0
CUST_817,44,Female,Medium,Fixed,23923.3,32,1,551,West,8,0
CUST_818,66,Male,Low,Savings,94312.05,4,1,564,West,16,0
CUST_819,30,Female,Medium,Fixed,5240.92,50,3,570,West,18,0
CUST_820,50,Female,Low,Current,45192.3,82,3,718,East,20,0
CUST_821,51,Female,Low,Savings,7930.35,5,4,510,South,16,0
CUST_822,58,Female,Medium,Savings,73194.24,20,3,664,West,11,0
CUST_823,52,Male,Low,Current,61232.48,87,4,375,East,7,0
CUST_824,18,Male,High,Savings,70956.79,75,1,620,South,17,0
CUST_825,38,Female,Medium,Fixed,38073.56,37,1,732,South,17,1
CUST_826,65,Female,Low,Fixed,37578.71,22,1,408,East,12,0
CUST_827,23,Female,Medium,Savings,5486.61,58,2,821,East,13,0
CUST_828,45,Male,Medium,Fixed,35644.55,68,4,346,West,10,0
CUST_829,34,Male,Medium,Savings,92999.55,93,1,678,South,7,0
CUST_830,22,Male,Low,Current,38543.43,44,4,395,North,14,0
CUST_831,48,Male,High,Savings,83305.4,34,3,402,East,23,1
CUST_832,22,Female,High,Current,84390.22,77,3,445,South,1,0
CUST_833,55,Female,Low,Fixed,37950.87,42,1,326,South,17,0
CUST_834,20,Female,Medium,Current,63566.88,9,4,829,West,4,0
CUST_835,40,Male,Low,Fixed,10441.79,95,1,381,North,21,0
CUST_836,54,Male,Low,Savings,11264.18,7,3,727,West,5,0
CUST_837,54,Male,Low,Fixed,5817.11,68,1,778,North,20,0
CUST_838,27,Female,Medium,Savings,58520.49,19,4,461,North,24,0
CUST_839,27,Female,Low,Savings,43181.03,94,3,701,East,23,0
CUST_840,36,Male,Medium,Current,55255.2,31,2,807,South,25,0
CUST_841,34,Female,Low,Current,52586.25,35,3,337,South,7,0
CUST_842,38,Male,High,Current,35670.1,57,2,810,South,10,0
CUST_843,31,Male,Low,Current,68069.87,85,1,692,North,17,0
CUST_844,26,Female,Low,Fixed,76091.69,61,1,793,South,29,0
CUST_845,63,Male,High,Fixed,2448.2,31,4,499,East,7,0
CUST_846,18,Female,Medium,Fixed,21516.99,83,2,554,North,1,0
CUST_847,68,Male,Medium,Savings,71610.35,95,1,478,North,7,0
CUST_848,62,Female,Low,Fixed,39275.4,53,2,846,North,26,0
CUST_849,30,Female,High,Fixed,66585.91,32,1,688,North,24,0
CUST_850,21,Female,Medium,Fixed,35349.3,66,3,697,East,11,0
CUST_851,18,Male,Low,Current,39684.76,59,1,457,South,9,0
CUST_852,66,Male,High,Fixed,16709.21,10,4,303,East,12,0
CUST_853,57,Female,Medium,Savings,26564.87,2,3,466,South,3,1
CUST_854,49,Female,Medium,Current,60935.76,66,4,767,East,4,0
CUST_855,51,Male,High,Savings,43883.15,60,3,708,West,4,0
CUST_856,45,Male,High,Fixed,77655.97,88,2,711,West,28,0
CUST_857,48,Male,High,Current,85405.91,17,4,503,West,25,0
CUST_858,25,Female,High,Savings,54623.0,96,1,493,West,13,0
CUST_859,56,Male,Low,Fixed,76068.46,16,2,534,North,23,0
CUST_860,43,Male,High,Savings,31383.55,16,1,449,North,19,0
CUST_861,51,Female,Medium,Savings,42082.15,46,3,458,East,10,0
CUST_862,20,Male,Medium,Savings,71564.99,39,3,578,East,5,0
CUST_863,67,Male,Low,Fixed,39234.99,31,1,703,West,7,0
CUST_864,29,Male,Medium,Fixed,59261.99,88,1,610,South,24,0
CUST_865,18,Female,Medium,Savings,19351.91,1,2,367,West,16,0
CUST_866,61,Female,High,Current,60377.36,11,1,762,East,1,0
CUST_867,22,Female,Medium,Current,86289.86,85,4,387,West,12,0
CUST_868,47,Female,Low,Fixed,86995.32,4,4,516,East,2,0
CUST_869,47,Female,High,Fixed,72710.1,71,1,300,West,7,0
CUST_870,34,Female,High,Fixed,74829.58,26,4,434,South,11,0
CUST_871,65,Female,Low,Fixed,56234.82,50,1,650,West,29,0
CUST_872,64,Male,High,Fixed,58882.14,12,2,439,South,13,1
CUST_873,40,Male,High,Current,14231.41,95,4,432,South,2,1
CUST_874,32,Female,Low,Fixed,44942.06,81,4,477,East,7,0
CUST_875,54,Male,High,Savings,45626.85,97,1,657,South,15,0
CUST_876,38,Male,Low,Savings,95891.29,75,4,679,North,25,0
CUST_877,31,Female,Low,Current,43677.6,92,3,749,North,11,0
CUST_878,19,Male,Medium,Savings,55384.92,96,2,762,North,2,0
CUST_879,28,Male,Medium,Current,53791.89,65,2,407,East,7,0
CUST_880,68,Male,High,Current,64039.41,47,4,421,North,4,1
CUST_881,56,Male,High,Savings,75075.05,92,4,316,East,11,0
CUST_882,55,Male,Low,Fixed,23279.15,53,3,495,East,29,0
CUST_883,51,Female,High,Savings,53343.72,71,3,626,North,2,0
CUST_884,55,Female,Low,Savings,82765.85,2,4,617,South,29,1
CUST_885,67,Female,Low,Current,46848.36,24,4,778,West,16,0
CUST_886,51,Male,High,Savings,28567.3,4,3,551,East,7,0
CUST_887,35,Female,Low,Current,65816.2,19,1,802,North,13,0
CUST_888,47,Male,Medium,Fixed,82552.97,26,3,418,East,5,1
CUST_889,32,Male,High,Fixed,7250.89,75,1,797,South,17,0
CUST_890,44,Male,Medium,Fixed,77902.26,40,2,785,South,21,1
CUST_891,68,Male,High,Savings,82343.15,50,2,344,North,12,0
CUST_892,51,Female,Low,Current,46690.77,43,3,613,East,28,0
CUST_893,69,Female,High,Fixed,98347.26,75,1,478,West,19,0
CUST_894,55,Male,Medium,Current,78884.13,67,3,717,West,7,0
CUST_895,50,Female,Low,Current,77592.59,12,3,377,East,6,0
CUST_896,41,Male,High,Fixed,75036.02,67,1,625,East,8,1
CUST_897,32,Female,High,Fixed,15910.2,27,3,656,East,13,0
CUST_898,47,Female,High,Current,22505.86,54,2,715,North,5,0
CUST_899,59,Male,Medium,Fixed,46935.02,66,4,814,South,2,0
CUST_900,68,Female,Medium,Current,27136.43,49,4,513,West,9,0
CUST_901,34,Male,High,Current,42108.86,16,3,373,North,11,0
CUST_902,22,Female,Low,Fixed,88957.95,2,1,808,East,24,0
CUST_903,46,Male,Low,Savings,82608.36,60,1,631,East,6,0
CUST_904,21,Male,Medium,Fixed,63373.95,54,2,392,South,29,0
CUST_905,27,Female,Low,Savings,85953.92,30,1,818,East,26,1
CUST_906,34,Female,Medium,Current,78593.47,84,1,568,North,7,0
CUST_907,27,Male,High,Current,43469.51,38,2,675,North,25,1
CUST_908,34,Female,Medium,Savings,20905.45,28,3,303,South,7,0
CUST_909,37,Female,Medium,Current,51905.9,25,4,437,North,19,0
CUST_910,41,Male,High,Savings,73886.66,96,2,530,West,6,0
CUST_911,22,Male,Low,Savings,44205.54,10,3,828,North,11,0
CUST_912,51,Female,Medium,Current,67010.42,60,2,351,North,29,1
CUST_913,23,Male,Medium,Savings,10338.42,42,3,624,North,11,0
CUST_914,19,Male,High,Fixed,75052.47,40,2,576,West,7,0
CUST_915,30,Male,Low,Fixed,81458.65,97,3,835,East,2,1
CUST_916,60,Female,Medium,Current,70976.95,77,2,785,North,19,0
CUST_917,60,Female,High,Current,96759.1,42,3,815,South,4,0
CUST_918,65,Male,Medium,Savings,82838.55,47,2,451,West,26,0
CUST_919,28,Female,High,Savings,90406.28,37,4,782,South,6,1
CUST_920,68,Male,Low,Savings,93423.54,80,4,558,North,17,0
CUST_921,64,Female,Low,Savings,80333.45,22,1,623,South,25,0
CUST_922,40,Male,Low,Fixed,67751.63,57,3,467,North,5,0
CUST_923,33,Male,Low,Fixed,1566.14,84,2,609,West,29,1
CUST_924,48,Female,Medium,Current,47116.75,27,3,778,South,28,0
CUST_925,28,Male,Medium,Savings,57545.07,41,4,355,South,7,0
CUST_926,33,Female,Low,Savings,31099.0,80,3,772,North,9,0
CUST_927,25,Female,Low,Current,32492.34,34,2,595,North,25,1
CUST_928,21,Male,Low,Savings,96154.78,32,3,760,East,1,1
CUST_929,57,Male,Medium,Savings,89279.38,90,2,623,North,1,1
CUST_930,21,Female,Low,Savings,85068.72,89,4,440,North,19,0
CUST_931,42,Male,Low,Savings,41195.17,66,4,561,East,6,0
CUST_932,20,Male,Low,Savings,2356.16,12,4,719,North,18,0
CUST_933,49,Male,High,Current,8942.0,40,1,540,North,10,1
CUST_934,20,Male,Low,Savings,31907.44,73,4,654,East,28,0
CUST_935,44,Male,High,Current,2558.55,76,3,479,West,11,0
CUST_936,46,Female,High,Savings,2697.83,90,1,365,West,1,0
CUST_937,49,Female,Low,Fixed,91743.73,73,4,647,North,1,0
CUST_938,67,Male,High,Fixed,70909.69,10,3,470,North,13,0
CUST_939,68,Male,Low,Fixed,31586.64,96,3,773,East,5,0
CUST_940,36,Male,Medium,Fixed,14131.81,98,3,833,East,20,0
CUST_941,38,Female,Medium,Current,51651.94,48,2,666,West,1,0
CUST_942,22,Male,Medium,Current,1529.27,20,1,406,South,20,0
CUST_943,35,Female,Medium,Savings,93902.96,39,3,738,North,3,0
CUST_944,45,Female,High,Fixed,42066.7,60,2,526,South,18,0
CUST_945,59,Female,Low,Current,40831.16,66,4,743,South,9,0
CUST_946,39,Male,Low,Savings,39668.77,65,3,741,East,14,0
CUST_947,38,Female,Low,Savings,7863.5,51,2,695,North,27,0
CUST_948,23,Male,Medium,Current,64193.9,36,3,383,North,17,0
CUST_949,18,Female,Medium,Fixed,73567.36,24,1,312,East,23,0
CUST_950,22,Male,Low,Savings,67936.41,27,1,792,South,14,0
CUST_951,58,Female,Medium,Fixed,14705.11,2,4,567,East,29,0
CUST_952,29,Male,Low,Fixed,58305.18,31,3,824,West,4,1
CUST_953,43,Female,Low,Fixed,57378.96,57,2,419,North,5,0
CUST_954,63,Male,Low,Savings,86972.67,78,4,652,West,26,0
CUST_955,51,Male,Low,Fixed,38533.64,66,3,356,East,21,0
CUST_956,66,Male,Low,Savings,37777.11,29,4,339,North,17,0
CUST_957,31,Male,Low,Fixed,62234.18,15,2,635,West,22,0
CUST_958,43,Female,Low,Savings,63674.19,12,4,472,West,29,0
CUST_959,62,Female,Medium,Fixed,47459.24,28,4,846,South,25,0
CUST_960,44,Male,Low,Current,44862.88,84,4,558,North,2,0
CUST_961,26,Female,Low,Fixed,49920.62,24,3,816,West,23,1
CUST_962,43,Male,Medium,Fixed,86243.48,21,2,822,West,22,0
CUST_963,64,Male,Medium,Savings,46655.52,10,1,416,South,5,0
CUST_964,39,Female,Medium,Savings,94053.25,78,3,483,West,4,0
CUST_965,64,Male,Low,Fixed,50896.37,18,1,415,West,4,0
CUST_966,47,Male,High,Current,94970.87,88,1,461,West,6,1
CUST_967,60,Female,High,Current,83450.36,14,3,842,South,20,0
CUST_968,65,Male,Medium,Savings,36880.7,34,3,536,West,21,1
CUST_969,34,Male,High,Current,86500.5,58,2,365,West,13,0
CUST_970,43,Male,Medium,Fixed,11896.27,76,2,369,North,22,0
CUST_971,53,Male,Low,Savings,92579.67,22,4,746,North,5,0
CUST_972,18,Female,High,Fixed,63532.71,70,1,715,South,23,0
CUST_973,25,Female,Low,Savings,6384.68,36,2,831,East,25,0
CUST_974,66,Female,High,Savings,64781.42,45,4,740,North,26,0
CUST_975,52,Male,Low,Savings,97450.52,36,2,763,South,23,0
CUST_976,69,Male,High,Savings,7910.26,22,3,695,West,7,0
CUST_977,32,Female,Low,Current,55914.08,78,2,694,West,20,1
CUST_978,64,Male,Low,Fixed,75031.64,80,1,625,South,1,0
CUST_979,39,Male,High,Fixed,81215.6,61,2,390,West,14,0
CUST_980,31,Male,Low,Fixed,41968.92,56,1,369,West,24,0
CUST_981,43,Male,Low,Savings,21212.49,89,3,465,East,4,0
CUST_982,45,Female,Low,Current,5191.89,96,1,513,West,17,0
CUST_983,40,Female,High,Fixed,58392.89,33,2,634,North,21,1
CUST_984,31,Female,High,Current,45838.2,45,4,668,West,14,1
CUST_985,41,Male,Low,Savings,94925.7,36,3,348,South,16,0
CUST_986,19,Female,Low,Fixed,6999.89,20,2,351,East,14,1
CUST_987,62,Female,High,Current,68854.14,18,3,588,West,16,0
CUST_988,43,Male,High,Savings,3471.66,38,3,538,South,24,0
CUST_989,31,Male,Low,Current,17971.98,67,2,432,North,20,0
CUST_990,68,Female,Low,Fixed,45904.32,23,2,465,West,29,0
CUST_991,24,Female,Low,Fixed,46032.37,96,4,673,East,28,0
CUST_992,20,Female,Medium,Savings,68884.35,16,3,672,West,8,0
CUST_993,64,Female,High,Savings,91111.09,59,3,777,South,24,0
CUST_994,40,Male,Medium,Savings,64264.18,69,2,778,East,3,0
CUST_995,63,Female,High,Current,95399.97,68,1,599,West,25,0
CUST_996,60,Female,High,Current,88279.95,21,2,381,North,19,1
CUST_997,64,Male,High,Current,58865.48,78,3,386,East,1,0
CUST_998,62,Female,High,Savings,83545.4,95,2,524,North,2,0
CUST_999,35,Male,High,Fixed,64615.18,78,4,315,South,15,0
CUST_1000,55,Male,High,Fixed,8777.23,70,1,657,West,22,0
